,Detector,no_of_acstd_reads,no_of_thstd_reads,no_of_blank_reads,Average_E220,Standard_Deviation_E220,Average_E219,Standard_Deviation_E219,Average_Blank_219,Standard_Deviation_Blank_219,Average_Blank_220,Standard_Deviation_Blank_220,Average_Blank_Tot,Standard_Deviation_Blank_Tot,E219_from_E220,E219_from_E220_uncertainty
0,detector1,3,3,4,0.2582273409644233,0.16827791385981877,0.16124294909847434,0.005767005929133008,0.00026196786022285773,0.0010897198954840706,0.010208210310515138,0.010459938348300623,0.7271399149091,0.36652262556915266,0.11620230343399049,0.07572506123691845
1,detector2,2,2,2,0.47227209875116966,0.0020547713508160537,0.1943535616154365,0.0011670801574292927,0.0012701522686772086,0.0013429786572243644,0.003964369908365305,0.0020708295572769105,1.0412273638438634,0.522998433941145,0.21252244443802634,0.0009246471078672242
2,No_Read,0,0,0,,,,,,,,,,,,
